id_usuario,nome,senha,email,cpf,data_cadastro,data_nascimento,data_validade,id_industria,senha,id_telefone,numero,pdf_documento
1,f>r,*uOsGPid77,pmu9xompm9oztm@example.org,10946273897,2025-10-04,1969-05-09,2003-09-28,1,+V*I@a!x7x,1,+99435385111075,relatorio_Terca
2,c>d,Itu7Jfag$y,omm~uzmpm9o{zoquom{@example.net,58701423907,2025-10-04,1984-06-12,2017-11-04,2,@xP529XwvH,2,+99440303418735,relatorio_Sexta
3,e>j,O#$8yMl0#y,q~uowCD@example.org,06839512452,2025-10-04,1917-05-24,2002-09-27,3,H0Py9SpsQ+,3,+8833231396931,relatorio_Segunda
4,c>a,^6XLL41apl,y~ux{DB@example.com,15430928751,2025-10-04,1944-06-28,2005-11-21,4,^0L#R1Vrlk,4,+8800216866073,relatorio_Quarta
5,t>p,%(7Wk7kgyx,ms{~my{@example.net,13865429718,2025-10-04,1913-12-08,1996-11-15,5,_dOUBDw764,5,+8814257481916,relatorio_Segunda
6,`>p,pAJhI6!c$0,xquoum<@@example.org,17430289688,2025-10-04,1962-11-05,1990-02-23,6,_xqBpAvh6x,6,+8872201923069,relatorio_Quinta
7,q>>a,24zAD3bf&D,mxyqupm@example.net,12397564882,2025-10-04,1959-11-09,1993-01-22,7,C8s@2Paj%3,7,+8858218401451,relatorio_Quinta
8,_>>p,S7#^qkED+s,umz@?@example.net,42537819691,2025-10-04,1911-06-11,2011-10-06,8,D)8vjIlUiB,8,+8880230372229,relatorio_Quinta
9,k>hĘ>b,zJ(03H*z!x,n{~sqvxum@example.org,24617839014,2025-10-04,1964-01-01,1974-04-14,9,&9r#Vza(!5,9,+99462374722702,relatorio_Sabado
10,j>e>`,j%qME33tEZ,pumym~um9mxuoq@example.org,47513260854,2025-10-04,1983-10-29,2011-08-10,10,tx6CcXyS^a,10,+8828207123915,relatorio_Quinta
11,e>a>e,S6CZ9iOp$P,pm9o~|qp~{9xom@example.org,30978615205,2025-10-04,1983-12-31,2019-03-06,11,)Xl&4HHkqf,11,+8816293082161,relatorio_Terca
12,j>e>n,8AR$X6jw_J,mo{zoqx{mzm9u{~um@example.net,76384190503,2025-10-04,1928-07-30,2010-05-23,12,3#Esltrh#1,12,+8808298311228,relatorio_Segunda
13,i>q,X5!&P9Mfg5,v{m{9suxtq~yqpm9x@example.com,95417036876,2025-10-04,1950-07-12,2007-08-02,13,_ES)7aHH65,13,+99434376236528,relatorio_Quinta
14,k>eą,9sQvfjOH@G,xomCE@example.org,52061978477,2025-10-04,1932-03-06,1992-02-24,14,ZYPk3AAq!1,14,+8844230376742,relatorio_Segunda
15,w>dą,Rt1NtTxRU$,zom~p{{@example.com,53497068239,2025-10-04,1976-07-22,1998-07-31,15,lY(0w_Qcad,15,+99498356682688,relatorio_Quinta
16,k>j>d,(l(hJxzy&3,m~sm{xuq~@example.net,69017452381,2025-10-04,2016-05-02,2019-10-03,16,y500_ABu)L,16,+99491315480907,relatorio_Quinta
17,_>jċ>k,zZ3gR2uaQ&,|omym~s{@example.com,94651072335,2025-10-04,2011-04-04,1986-11-07,17,8B)VDRlg&(,17,+8847216293639,relatorio_Sexta
18,k>_,4jFtlIcy&7,mmrqB>@example.net,59260418786,2025-10-04,1932-02-05,2004-07-06,18,p)6sMOkZaY,18,+99446312027217,relatorio_Segunda
19,qL>h>n,3347TjQF+g,r~mzouo{sq~~m@example.net,04759268375,2025-10-04,2005-12-08,1986-08-15,19,E+@9NcHcW3,19,+8839228937563,relatorio_Sabado
20,j>k,2Y&y3Zfi7Q,|uz{uu@example.com,74268319573,2025-10-04,1923-05-13,1982-09-16,20,4%9KwsYBJi,20,+8844277592753,relatorio_Quinta
21,bL>b>a,Rf_0b8Pw45,m~mv{ms{@example.org,45897026357,2025-10-04,1920-06-27,1973-02-22,21,+*HO*1%v3W,21,+8832262052139,relatorio_Quarta
22,e>_,H&9+J@_g%G,mn~qym~um9xum@example.com,10952837641,2025-10-04,1977-10-05,2013-05-20,22,L7O9M^g!N(,22,+8884262926049,relatorio_Sabado
23,b>_Ę,7xZ5%MkD_T,msmtm~{p~usq@example.org,94761382051,2025-10-04,1937-06-07,1999-02-18,23,Q)v!K0Rb8m,23,+8810238297356,relatorio_Terca
24,j>`,*8RKLder@Q,m~msm{rq~zmzp{@example.net,71536208978,2025-10-04,1967-07-30,1986-09-13,24,+8Xx^1*vNJ,24,+8825289674918,relatorio_Sexta
25,w>b,)m&9oPd#yz,numzomrq~zmzpq@example.net,96243817555,2025-10-04,1966-08-04,1990-04-20,25,p%717Jbc^o,25,+8801264345551,relatorio_Segunda
26,j>k,+8tCC^QNta,oxm~uoq@A@example.net,31850267436,2025-10-04,1991-03-07,1993-03-02,26,mBBAE1hjQ),26,+8878221788847,relatorio_Quarta
27,e>n,teIS$*S7_3,nqzvmyuzomm9s~mzpq@example.com,39715046253,2025-10-04,1976-12-08,1986-01-03,27,EX9HMyk0_+,27,+8820252148394,relatorio_Segunda
28,j>k,pmz62hZQ(3,~ymotmp{@example.com,68123957087,2025-10-04,1965-10-02,2006-11-20,28,*qs4HSglfm,28,+8855284229421,relatorio_Segunda
29,bL>p>a,%7SyJZegTF,{|q~qu~m@example.net,21734856036,2025-10-04,1975-08-05,1994-02-15,29,rhxS1SJqm(,29,+8824278721407,relatorio_Segunda
30,k>p,V#47QgLejN,wmyuxxomm9s~mzpq@example.org,43061795217,2025-10-04,2008-03-23,1982-10-03,30,@81ZAmGlN_,30,+8837232349436,relatorio_Sabado
31,n>a,!$8Ggcnrzc,n{~sqxquoum@example.net,27064398123,2025-10-04,1930-01-20,1996-04-17,31,@4@ENwHfg1,31,+8829254056549,relatorio_Sexta
32,hć>k>a,&ltkJp*p8D,xom9smn~uqxy{~qu~m@example.com,52403698161,2025-10-04,1965-03-31,2008-03-01,32,Ps(7JGsv@I,32,+8817217084683,relatorio_Segunda
33,b>k>q,47IFMpW1&d,zmouyqz{zuo{xq@example.org,93405862199,2025-10-04,1944-08-30,1985-04-25,33,2TW&2E+i8d,33,+8837228098944,relatorio_Quinta
34,_>d,(TP9Fvjmm!,|{~{q|tmz@example.net,97183620488,2025-10-04,1920-04-15,1976-04-01,34,*d4Z5De(TP,34,+8820247621087,relatorio_Sabado
35,k>hĘ>>p,#%8vZBc8Ql,pm9~{mmzzm9xu@example.org,57260943820,2025-10-04,1939-08-14,2013-01-21,35,c@^4*Ye$#_,35,+99427387795851,relatorio_Terca
36,f>k,hKS68FNH(1,uu><@example.net,05862713417,2025-10-04,2024-04-18,2024-07-04,36,YS6PJ3Kh(8,36,+8828269738582,relatorio_Quinta
37,_>a>p,M79cZwRd&),qymzqxxm@>@example.org,70534681921,2025-10-04,2005-08-03,2017-06-16,37,*oLK(Wjb5W,37,+8868241222466,relatorio_Sabado
38,k>d>dą,E8Qtaym6#5,m|m~qoupmtqz~@example.net,16793805287,2025-10-04,1949-10-05,2021-04-21,38,(8YxElduY*,38,+8869247144337,relatorio_Segunda
39,c>j,(#0KsivVN3,xzzm?E@example.net,46982057302,2025-10-04,1969-09-21,1997-02-21,39,Y(i2VR3uwH,39,+8800254184155,relatorio_Sexta
40,c>p,m2avAFPm#+,{xuqu~mym~umt@example.com,87456013930,2025-10-04,1934-02-15,1993-04-22,40,1blF+xow!H,40,+99469385238676,relatorio_Terca
41,_Ē>>l,V(J2vfFmaR,p{ymo{zoqx{@example.net,01795846330,2025-10-04,1973-03-28,1988-12-03,41,8R6WtZGT+N,41,+8838221657915,relatorio_Quinta
42,l>_,Zr5SYdlO8(,yommxomzq@example.org,60387952411,2025-10-04,1930-01-15,1978-11-12,42,u7807&Il7$,42,+8867240917101,relatorio_Quinta
43,qL>f>e>>p,JqGSG2r^(9,~mqx?=@example.net,92478031570,2025-10-04,2006-04-19,1979-10-15,43,b#@1EWzSuo,43,+99440396814034,relatorio_Sexta
44,bL>h>q,M(4VXhG%nw,ym~umzqD@@example.org,40716293888,2025-10-04,1910-04-02,2018-11-03,44,FKXDj+tu)9,44,+8882252557792,relatorio_Terca
45,_>j,h8TuPpxi*8,o{msmn~uqxm@example.net,81024539634,2025-10-04,2023-03-26,2000-01-24,45,90HT5I8i(O,45,+8852246035181,relatorio_Quarta
46,h>dą,$58VMyDq$X,xu9rqxu|q|qu{{@example.net,09275418314,2025-10-04,1973-10-23,1973-05-04,46,$yj%LLnv_3,46,+99477391170923,relatorio_Terca
47,_>q>ką,)Zz%WkEGe5,nmxyqupm@example.com,12637508978,2025-10-04,1996-02-03,1975-09-13,47,SrqkjIzk#9,47,+8863241851677,relatorio_Sabado
48,l>`,!2_KlPmzpX,srm~um@example.net,79580163403,2025-10-04,1926-12-11,1989-03-21,48,_#V5LJgD7F,48,+8818250244212,relatorio_Terca
49,q>a,+k73SBx9Q#,~m?=@example.com,91728603441,2025-10-04,2007-12-17,1988-02-22,49,@Pkl34Xp9Q,49,+8855279623098,relatorio_Quinta
50,bL>`>a,t7K!y#6S^i,o{m@example.org,94083276566,2025-10-04,1990-08-23,1982-05-09,50,u5OkZ@O0!#,50,+8815213147474,relatorio_Quarta
51,hā>d>p,OuaLXona)7,mzm9oqouxum|motqo{@example.com,09856743257,2025-10-04,2021-04-11,2005-09-09,51,EOu6UXTp)D,51,+99435317000691,relatorio_Segunda
52,_>h>a,%4LEPAtCz_,umnqxmED@example.com,15034872691,2025-10-04,2007-04-14,1975-07-25,52,!9EPYbCz_p,52,+99431375032058,relatorio_Quinta
53,e>n,56dTiPUk%J,um}q=>@example.net,74152603962,2025-10-04,1930-06-11,2019-01-01,53,#&d9ihKhFu,53,+8869213610233,relatorio_Sexta
54,aā>n,*2SqVBeV9S,qx{mt<@@example.com,82475309142,2025-10-04,1979-11-18,2004-12-27,54,*7KDFOv(Zl,54,+8867265751677,relatorio_Sabado
55,j>b,%gpAvRC@@3,v{q9|qp~{pm9~{otm@example.org,95427810604,2025-10-04,1965-02-12,1978-02-24,55,e@%NxkXT_0,55,+8870251809462,relatorio_Segunda
56,b>`,_1t*Yf_n+1,zzqxq{@example.net,28470619388,2025-10-04,2016-10-08,2025-03-24,56,*$2Jn+$zDV,56,+8867243423175,relatorio_Terca
57,k>d,#62(L6HxpG,mxxmzmuxm@example.com,32418059699,2025-10-04,1957-08-25,1991-07-01,57,GJ6n9Mv(_l,57,+8818227918183,relatorio_Sabado
58,j>_,A)^f2J+fm6,syqx{@example.org,52790341644,2025-10-04,2002-12-31,1982-09-17,58,+#76EU8u^+,58,+8800287198204,relatorio_Sabado
59,g>>p,+FvEUPlFa3,ozmouyqz{@example.org,41073689288,2025-10-04,2004-09-19,2008-09-07,59,#elBiAT6j6,59,+8896213721602,relatorio_Quarta
60,e>f>_,_4QPsRsi$5,o{msmqx@example.org,96481320571,2025-10-04,1932-01-09,2003-01-20,60,8$_6@N1c&Z,60,+8897250216813,relatorio_Segunda
61,j>n,3&Z2DVow)@,xq{<A@example.org,16853240727,2025-10-04,1953-01-01,2023-05-02,61,Wr_9Vj%ap@,61,+8829298224067,relatorio_Sabado
62,h>p,@4Ctv7mqwI,yqzpqomyuxm@example.com,70439586266,2025-10-04,1933-03-20,1991-12-16,62,)4ETQTqHin,62,+8895297542387,relatorio_Quarta
63,jć>dą,d2y+NX#s^8,oxm~uoqn~u{@example.com,93841756255,2025-10-04,1969-05-03,1986-02-28,63,5Z5oKL2ou!,63,+8817250705013,relatorio_Sabado
64,w>q,wTx2O!Ob#a,rqxu|qCA@example.org,26507391490,2025-10-04,1967-12-05,2001-11-07,64,tX2FzLS0X^,64,+8814229484035,relatorio_Sabado
65,n>k>eą,wVT8+!yq#8,vy{~mq@example.com,86417953246,2025-10-04,1934-07-11,2002-04-29,65,#QMVfVO9D7,65,+8854297276166,relatorio_Sexta
66,qL>c>e,O9D3oSqo)b,xy{~qu~m@example.org,86241730545,2025-10-04,1983-05-23,1999-01-27,66,0*5QgN+dxX,66,+8874241801135,relatorio_Quinta
67,bL>c>`,2kyr5EtJ#z,vy{zqzqs~{@example.com,17864359264,2025-10-04,1976-05-10,1982-03-25,67,o9*1+M)k_9,67,+8817282691950,relatorio_Sexta
68,bL>_>d,Bm1RZfkV(N,pomumz{@example.org,49075216821,2025-10-04,1958-09-08,1994-08-09,68,^W6q3AltBz,68,+8828267263298,relatorio_Sabado
69,c>qÿ,Gj!5xMwXs$,o{qxm@example.com,52713840663,2025-10-04,1956-01-29,1979-10-26,69,C^2Q8v2nRM,69,+8867264520252,relatorio_Terca
70,t>k,_0Ix_gQJo8,x{|q@example.net,63420851916,2025-10-04,1986-08-17,1979-09-19,70,(e8SeG#M75,70,+8801255508796,relatorio_Quarta
71,k>q>j,N%r53Cmd$m,qx{mtmz{@example.org,28963045710,2025-10-04,1959-11-06,2007-05-12,71,62_5LHrK&0,71,+8867244698045,relatorio_Quarta
72,qL>h>n,bL$3%Ah!Jk,ymq{mqqp{@example.org,76154239882,2025-10-04,1996-10-18,1978-06-23,72,Zu+@)9H1%^,72,+8832236301208,relatorio_Sexta
73,jć>a,@ZNEyVjS^2,omumz{@example.org,97806341576,2025-10-04,1922-11-05,1994-02-25,73,12dVLJd&@%,73,+8842254696009,relatorio_Quinta
74,bL>k>k,Pt59CUTa$_,o{mtqz~@example.net,56840137976,2025-10-04,1950-01-01,2009-10-27,74,%9SxdzTfh4,74,+99477381230718,relatorio_Sexta
75,k>d>a,W6VAr_xs&7,m~{~my{~mq@example.net,93871450298,2025-10-04,2006-07-10,1970-12-30,75,iR%M!0xgT#,75,+8802246433308,relatorio_Quinta
76,tđ>>l,74dT(cWu*A,u{~9smn~uqx|uz{@example.org,61429508315,2025-10-04,2012-03-28,2023-05-25,76,#&EdE7hU68,76,+8827269553395,relatorio_Sexta
77,k>jā,$dT7CUqp73,x{~qz{zmouyqz{@example.org,87901253605,2025-10-04,1958-01-16,1994-02-26,77,m4^1OGNkuX,77,+8832297540733,relatorio_Segunda
78,_>a,$B47LyQcc0,xu9tqz~u}ququ~m@example.org,50472816372,2025-10-04,1941-04-12,2003-07-25,78,$E7WSKdJhY,78,+8831253749463,relatorio_Quinta
79,r>t,(U5EDWhKSJ,pm9~{otmxum@example.org,70285346911,2025-10-04,1924-04-06,1992-03-04,79,Lh91IxYl(i,79,+99468371098877,relatorio_Terca
80,_>>p,g*07*_Rv_N,q|tmzumzm@example.com,49108765330,2025-10-04,1992-11-19,1972-09-10,80,MEC4CrQC^6,80,+8822258921138,relatorio_Sabado
81,hć>n>e,&ME4LjEQ)5,n~mz==@example.org,51836209741,2025-10-04,1937-04-30,1979-05-17,81,^Ge+8Z(t#f,81,+8891261947247,relatorio_Quinta
82,_>e>>a,K3(Fjf9b+C,pu{s{pum@example.com,98152473033,2025-10-04,1951-08-25,1984-07-29,82,9%u73QYtK3,82,+99456347044521,relatorio_Quinta
83,_>a,%pA3Ba(a(0,mzm9xu@A@example.com,19478206332,2025-10-04,1953-05-09,2009-03-30,83,qBUQ2HCa$G,83,+8884283513059,relatorio_Sabado
84,bL>mċ>k,r7SARR81$6,y{~qu~mmxqzuzm@example.com,91627340860,2025-10-04,2016-07-26,1974-06-03,84,9%c)PG8$+q,84,+99442385895840,relatorio_Terca
85,c>a,$&8It@UsQR,om~p{{vxumzm@example.net,31709264516,2025-10-04,1986-10-31,2001-11-22,85,Jw04MW*s@4,85,+8878257947496,relatorio_Quarta
86,g>k,NqF2VoKvE@,~unqu~{vmpq@example.org,36214597828,2025-10-04,1957-07-19,2004-11-01,86,z9qOyU(Z#5,86,+8816288192045,relatorio_Sexta
87,k>p,)t0cYfOGx8,rm~umn~mmz@example.com,69328174051,2025-10-04,1974-01-01,2015-03-24,87,!8&Yb4gdFI,87,+99422332248679,relatorio_Sabado
88,p>l,@71BfCLa04,zzqym~umzm@example.net,73921465071,2025-10-04,2020-11-11,2012-03-13,88,Hz57Q!Rg!n,88,+8818249852437,relatorio_Sabado
89,k>d>>n,oWOIP8gu%8,n~qz{xuym@example.org,35764098284,2025-10-04,1942-06-10,1994-06-02,89,PP08QyDe#S,89,+8889278878113,relatorio_Sabado
90,j>b,W4l6@m(m@0,uzuoumxyqupm@example.net,15094236709,2025-10-04,1961-10-10,2014-06-28,90,*&ak0Fcg3W,90,+8845288824070,relatorio_Quarta
91,b>k>p,zl7hVRpCE+,rpm9~{otm@example.org,94862371097,2025-10-04,1964-03-10,1998-12-21,91,Ux_9Z(kw5X,91,+99490353464213,relatorio_Segunda
92,ß>k,(3AP8WDl1V,rq~~qu~m@example.org,32187906587,2025-10-04,1946-09-08,2017-07-06,92,X5tTC1s@*f,92,+8862288897028,relatorio_Quinta
93,k>j>q,$c@eZXjxt1,tmpmm=B@example.com,96708143558,2025-10-04,1926-07-15,2008-06-24,93,+9BrkdO$mk,93,+8815235762545,relatorio_Sabado
94,_>j>n,#v9dXZbM96,mxn}q~}qvxum@example.com,97382450124,2025-10-04,1989-10-29,2011-12-01,94,c9IvI_0H)x,94,+8823241746742,relatorio_Sexta
95,hć>jā,g+0Z86!ubk,pm9x@example.com,41097653803,2025-10-04,1929-09-13,2025-06-21,95,_1$^mOea$I,95,+8844265193280,relatorio_Segunda
96,h>k,)3q0FHPkbr,umz<B@example.net,28016734951,2025-10-04,1961-11-30,1977-12-23,96,18AvwvL(*4,96,+8866220690816,relatorio_Terca
97,k>a,vFQxJb8F#8,mzm9xm~m~my{@example.net,01468327518,2025-10-04,1943-10-29,1973-08-10,97,^sK62Nvy4g,97,+99458307420215,relatorio_Sexta
98,a>_,6$3PJNMl*(,{xuumA?@example.org,94328657057,2025-10-04,1939-11-18,1987-07-05,98,Q43FeD6v_7,98,+8821222938036,relatorio_Quinta
99,qL>n>f>aĀ,!2Z5JAzhi5,ymo{zoqx{@example.net,67058349248,2025-10-04,1993-02-22,2002-02-13,99,_6HXKsuuKX,99,+8831247181217,relatorio_Quarta
100,q>>p,h(0oJXFtVo,mxqum<=@example.net,84501376217,2025-10-04,1974-07-16,1979-01-28,100,Ij6sP3Ad_A,100,+8891219227075,relatorio_Quinta
